<?xml version="1.0" encoding="UTF-8" standalone="yes"?>
<addon id="repository.rusguliev" 
       name="Evolution Add-ons" 
	   version="1.0.2" 
	   provider-name="Evolution">
<requires>
  <import addon="xbmc.addon" version="12.0.0"/>
</requires>	
	<extension point="xbmc.addon.repository" name="Evolution XBMC Add-ons">
		<info compressed="false">https://github.com/rusguliev/tdw/raw/master/repository.tdw1980/addon.xml</info>
		<checksum>https://github.com/rusguliev/tdw/raw/master/repository.tdw1980/addon.xml.md5</checksum>
		<datadir zip="true">https://github.com/rusguliev/tdw/raw/master/</datadir>
	</extension>
	<extension point="xbmc.addon.metadata">
		<summary>Install Add-ons from Evolution Add-on Repository</summary>
		<description>Plug-ins for XBMC</description>
		<disclaimer>There are git my add-ons for XBMC</disclaimer>
		<platform>all</platform>
	</extension>
</addon>
